Country,1990_Population,2018_Population,1990_pop_per,2018_pop_per,,,Country Name,2016_total_area,2010_Urban_area,urban_area_per,,,,Country Name,2018 [YR2018],
Afghanistan,"2,629","9,477",21,25,,,Afghanistan,652860,,,TRUE,,,Afghanistan,"83,337,636,266",TRUE
Albania,"1,197","1,729",36,60,,,Albania,27400,1689.403809,6%,TRUE,,,Albania,"39,653,392,851",TRUE
Algeria,"13,417","30,670",52,73,,,Algeria,2381740,30195.79688,1%,TRUE,,,Algeria,"496,200,052,508",TRUE
American Samoa,38,48,81,87,,,American Samoa,200,116.1668701,58%,TRUE,,,American Samoa,..,TRUE
Andorra,52,68,95,88,,,Andorra,470,,0%,TRUE,,,Andorra,..,TRUE
Angola,"4,401","20,185",37,66,,,Angola,1246700,1427.029541,0%,TRUE,,,Angola,"218,660,540,133",TRUE
Antigua and Barbuda,22,24,35,25,,,Antigua and Barbuda,440,266.2775574,61%,TRUE,,,Antigua and Barbuda,"2,081,131,964",TRUE
Argentina,"28,373","40,877",87,92,,,Argentina,2736690,55032.20313,2%,TRUE,,,Argentina,"1,035,949,340,413",TRUE
Armenia,"2,385","1,864",67,63,,,Armenia,28470,,0%,TRUE,,,Armenia,"38,417,341,116",TRUE
Aruba,31,46,50,43,,,Aruba,180,172.8477478,96%,TRUE,,,Aruba,..,TRUE
Australia,"14,579","21,488",85,86,,,Australia,7692020,36745.70313,0%,TRUE,,,Australia,"1,275,026,604,984",TRUE
Austria,"4,834","5,154",63,58,,,Austria,82522.99805,,0%,TRUE,,,Austria,"502,771,138,676",TRUE
Azerbaijan,"3,848","5,534",54,56,,,Azerbaijan,82670,,0%,TRUE,,,Azerbaijan,"144,573,505,574",TRUE
"Bahamas, The",205,320,80,83,,,"Bahamas, The",10010,425.8963623,4%,TRUE,,,"Bahamas, The","14,013,481,834",TRUE
Bahrain,437,"1,401",88,89,,,Bahrain,778.0000305,549.2779541,71%,TRUE,,,Bahrain,"74,287,027,092",TRUE
Bangladesh,"20,439","59,108",20,37,,,Bangladesh,130170,11125.3916,9%,TRUE,,,Bangladesh,"733,561,248,619",TRUE
Barbados,98,89,37,31,,,Barbados,430,420.3754272,98%,TRUE,,,Barbados,"4,599,076,821",TRUE
Belarus,"6,723","7,454",66,79,,,Belarus,202988.0078,7783.031738,4%,TRUE,,,Belarus,"183,324,275,683",TRUE
Belgium,"9,606","11,199",96,98,,,Belgium,30280,12349.22852,41%,TRUE,,,Belgium,"597,058,697,423",TRUE
Belize,89,175,47,46,,,Belize,22810,508.0564575,2%,TRUE,,,Belize,"2,791,470,929",TRUE
Benin,"1,717","5,434",34,47,,,Benin,112760,1447.184937,1%,TRUE,,,Benin,"37,158,284,361",TRUE
Bermuda,59,64,100,100,,,Bermuda,54.00000095,38.61519241,72%,TRUE,,,Bermuda,..,TRUE
Bhutan,87,309,16,41,,,Bhutan,38143.99902,,0%,TRUE,,,Bhutan,"8,760,900,092",TRUE
Bolivia,"3,815","7,882",56,69,,,Bolivia,1083300,,0%,TRUE,,,Bolivia,"100,586,269,210",TRUE
Bosnia and Herzegovina,"1,752","1,604",39,48,,,Bosnia and Herzegovina,51200,1723.146729,3%,TRUE,,,Bosnia and Herzegovina,"49,634,148,336",TRUE
Botswana,540,"1,565",42,69,,,Botswana,566730,,0%,TRUE,,,Botswana,"40,687,546,271",TRUE
Brazil,"110,146","181,336",74,87,,,Brazil,8358140,134981.375,2%,TRUE,,,Brazil,"3,129,612,725,335",TRUE
Brunei Darussalam,172,333,66,78,,,Brunei Darussalam,5270,1017.068604,19%,TRUE,,,Brunei Darussalam,"26,515,812,097",TRUE
Bulgaria,"5,787","5,269",66,75,,,Bulgaria,108560,6678.94043,6%,TRUE,,,Bulgaria,"158,775,695,748",TRUE
Burkina Faso,"1,217","5,799",14,29,,,Burkina Faso,273600,,0%,TRUE,,,Burkina Faso,"43,094,804,969",TRUE
Burundi,341,"1,456",6,13,,,Burundi,25680,,0%,TRUE,,,Burundi,"8,711,138,069",TRUE
Cabo Verde,149,357,44,66,,,Cabo Verde,4030,180.3818817,4%,TRUE,,,Cabo Verde,"3,820,572,282",TRUE
Cambodia,"1,395","3,801",16,23,,,Cambodia,176520,1152.062866,1%,TRUE,,,Cambodia,"69,183,270,853",TRUE
Cameroon,"4,672","14,215",40,56,,,Cameroon,472710,3680.405762,1%,TRUE,,,Cameroon,"93,012,146,160",TRUE
Canada,"21,206","30,169",77,81,,,Canada,9093510,126511.1641,1%,TRUE,,,Canada,"1,855,771,204,644",TRUE
Cayman Islands,25,64,100,100,,,Cayman Islands,240,160.9671021,67%,TRUE,,,Cayman Islands,"4,651,364,057",TRUE
Central African Republic,"1,034","1,930",37,41,,,Central African Republic,622980,,0%,TRUE,,,Central African Republic,"4,456,987,618",TRUE
Chad,"1,241","3,569",21,23,,,Chad,1259200,,0%,TRUE,,,Chad,"24,973,582,398",TRUE
Channel Islands,44,53,31,31,,,Channel Islands,197.9999924,,0%,TRUE,,,Channel Islands,..,TRUE
Chile,"11,054","16,400",83,88,,,Chile,743532.0313,12027.5166,2%,TRUE,,,Chile,"463,832,041,067",TRUE
China,"300,166","823,828",26,59,,,China,9388210,380679.3,4%,TRUE,,,China,"21,730,684,677,909",TRUE
Colombia,"23,000","40,105",69,81,,,Colombia,1109500,36132.13672,3%,TRUE,,,Colombia,"743,037,024,276",TRUE
Comoros,115,241,28,29,,,Comoros,1861.000061,196.407196,11%,TRUE,,,Comoros,"2,612,830,027",TRUE
"Congo, Dem. Rep.","10,603","37,377",31,44,,,"Congo, Dem. Rep.",2267050,9061.722656,0%,TRUE,,,"Congo, Dem. Rep.","93,443,149,858",TRUE
"Congo, Rep.","1,280","3,509",54,67,,,"Congo, Rep.",341500,1087.161865,0%,TRUE,,,"Congo, Rep.","18,328,973,894",TRUE
Costa Rica,"1,560","3,967",50,79,,,Costa Rica,51060,4051.562988,8%,TRUE,,,Costa Rica,"99,354,588,664",TRUE
Cote d'Ivoire,"4,692","12,730",39,51,,,Cote d'Ivoire,318000,3466.161621,1%,TRUE,,,Cote d'Ivoire,"129,046,039,594",TRUE
Croatia,"2,438","2,328",51,57,,,Croatia,55960,5302.795898,9%,TRUE,,,Croatia,"114,617,743,866",TRUE
Cuba,"7,774","8,735",73,77,,,Cuba,104020,9572.447266,9%,TRUE,,,Cuba,..,TRUE
Curacao,123,142,85,89,,,Curacao,444,,0%,TRUE,,,Curacao,"4,086,349,152",TRUE
Cyprus,512,795,67,67,,,Cyprus,9240,2280.400391,25%,TRUE,,,Cyprus,"34,574,175,051",TRUE
Czech Republic,"7,773","7,844",75,74,,,Czech Republic,77220,,0%,TRUE,,,Czech Republic,"429,335,963,330",TRUE
Denmark,"4,362","5,091",85,88,,,Denmark,41990,9295.174805,22%,TRUE,,,Denmark,"331,502,619,456",TRUE
Djibouti,448,746,76,78,,,Djibouti,23180,149.8288422,1%,TRUE,,,Djibouti,"5,117,875,833",TRUE
Dominica,44,50,63,70,,,Dominica,750,251.302948,34%,TRUE,,,Dominica,"845,572,778",TRUE
Dominican Republic,"3,940","8,616",55,81,,,Dominican Republic,48310,5089.375977,11%,TRUE,,,Dominican Republic,"192,667,405,086",TRUE
Ecuador,"5,636","10,903",55,64,,,Ecuador,248360,10905.65137,4%,TRUE,,,Ecuador,"202,186,033,689",TRUE
"Egypt, Arab Rep.","24,406","42,031",43,43,,,"Egypt, Arab Rep.",995450,24270.23242,2%,TRUE,,,"Egypt, Arab Rep.","1,145,113,927,246",TRUE
El Salvador,"2,597","4,624",49,72,,,El Salvador,20720,3598.269287,17%,TRUE,,,El Salvador,"56,623,752,911",TRUE
Equatorial Guinea,146,944,35,72,,,Equatorial Guinea,28050,97.47089386,0%,TRUE,,,Equatorial Guinea,"27,279,377,824",TRUE
Eritrea,427,..,19,..,,,Eritrea,101000,366.6149292,0%,TRUE,,,Eritrea,..,TRUE
Estonia,"1,118",911,71,69,,,Estonia,43470,2614.681396,6%,TRUE,,,Estonia,"48,064,476,468",TRUE
Eswatini,166,270,20,24,,,Eswatini,17200,802.2711182,5%,TRUE,,,Eswatini,"10,008,880,208",TRUE
Ethiopia,"6,044","22,678",13,21,,,Ethiopia,1000000,5166.71582,1%,TRUE,,,Ethiopia,"235,176,795,335",TRUE
Faroe Islands,14,20,31,42,,,Faroe Islands,1396.000061,335.4758301,24%,TRUE,,,Faroe Islands,..,TRUE
Fiji,303,497,42,56,,,Fiji,18270,1746.58667,10%,TRUE,,,Fiji,"12,487,054,480",TRUE
Finland,"3,958","4,709",79,85,,,Finland,303910,20052.17383,7%,TRUE,,,Finland,"272,319,030,456",TRUE
France,"43,127","53,870",74,80,,,France,547556.9922,86463.0625,16%,TRUE,,,France,"3,120,958,807,400",TRUE
French Polynesia,116,172,58,62,,,French Polynesia,3660,238.1499786,7%,TRUE,,,French Polynesia,..,TRUE
Gabon,657,"1,894",69,89,,,Gabon,257670,836.4829102,0%,TRUE,,,Gabon,"31,982,589,532",TRUE
"Gambia, The",366,"1,397",38,61,,,"Gambia, The",10120,446.1829224,4%,TRUE,,,"Gambia, The","5,004,418,395",TRUE
Georgia,"2,643","2,185",55,59,,,Georgia,69490,3602.762939,5%,TRUE,,,Georgia,"54,383,410,980",TRUE
Germany,"58,080","64,096",73,77,,,Germany,349360,62374.19922,18%,TRUE,,,Germany,"4,514,794,305,293",TRUE
Ghana,"5,384","16,687",36,56,,,Ghana,227540,6239.439453,3%,TRUE,,,Ghana,"158,272,063,272",TRUE
Greece,"7,287","8,485",71,79,,,Greece,128900,18519.16406,14%,TRUE,,,Greece,"325,789,646,050",TRUE
Greenland,44,49,80,87,,,Greenland,410450,33.34839249,0%,TRUE,,,Greenland,..,TRUE
Grenada,32,40,33,36,,,Grenada,340,169.5156097,50%,TRUE,,,Grenada,"1,916,747,783",TRUE
Guam,118,157,91,95,,,Guam,540,515.956604,96%,TRUE,,,Guam,..,TRUE
Guatemala,"3,800","8,346",42,51,,,Guatemala,107160,4132.351074,4%,TRUE,,,Guatemala,"141,365,506,390",TRUE
Guinea,"1,780","4,487",28,36,,,Guinea,245720,1473.595703,1%,TRUE,,,Guinea,"31,748,138,613",TRUE
Guinea-Bissau,301,813,31,43,,,Guinea-Bissau,28120,306.3417664,1%,TRUE,,,Guinea-Bissau,"3,739,569,129",TRUE
Guyana,220,207,30,27,,,Guyana,196850,626.756958,0%,TRUE,,,Guyana,"7,425,376,249",TRUE
Haiti,"2,007","6,149",29,55,,,Haiti,27560,764.3450928,3%,TRUE,,,Haiti,"20,120,446,470",TRUE
Honduras,"2,005","5,474",40,57,,,Honduras,111890,3702.359375,3%,TRUE,,,Honduras,"55,666,121,201",TRUE
"Hong Kong SAR, China","5,677","7,451",100,100,,,"Hong Kong SAR, China",1050,901.5428467,86%,TRUE,,,"Hong Kong SAR, China","465,784,603,659",TRUE
Hungary,"6,830","6,975",66,71,,,Hungary,90530,,0%,TRUE,,,Hungary,"308,700,187,469",TRUE
Iceland,231,331,91,94,,,Iceland,100250,1023.837036,1%,TRUE,,,Iceland,"20,366,868,989",TRUE
India,"223,096","460,296",26,34,,,India,2973190,222688.2344,7%,TRUE,,,India,"8,995,056,925,543",TRUE
Indonesia,"55,483","148,085",31,55,,,Indonesia,1811570,42076.82813,2%,TRUE,,,Indonesia,"3,115,566,265,269",TRUE
"Iran, Islamic Rep.","31,751","61,267",56,75,,,"Iran, Islamic Rep.",1628760,69242.76563,4%,TRUE,,,"Iran, Islamic Rep.",..,TRUE
Iraq,"12,142","27,085",70,70,,,Iraq,434128.0078,12429.91504,3%,TRUE,,,Iraq,"419,373,526,692",TRUE
Ireland,"2,000","3,075",57,63,,,Ireland,68890,5638.355957,8%,TRUE,,,Ireland,"411,091,813,767",TRUE
Isle of Man,36,44,52,53,,,Isle of Man,570,241.8645325,42%,TRUE,,,Isle of Man,..,TRUE
Israel,"4,211","8,209",90,92,,,Israel,21640,6399.019531,30%,TRUE,,,Israel,"357,633,413,445",TRUE
Italy,"37,846","42,560",67,70,,,Italy,294140,73540.88281,25%,TRUE,,,Italy,"2,587,030,339,783",TRUE
Jamaica,"1,196","1,634",49,56,,,Jamaica,10830,3000.631592,28%,TRUE,,,Jamaica,"29,253,953,823",TRUE
Japan,"95,542","115,921",77,92,,,Japan,364560,108678.2422,30%,TRUE,,,Japan,"5,230,146,551,512",TRUE
Jordan,"2,613","9,058",73,91,,,Jordan,88780,3383.973877,4%,TRUE,,,Jordan,"100,420,802,562",TRUE
Kazakhstan,"9,198","10,496",56,57,,,Kazakhstan,2699700,,0%,TRUE,,,Kazakhstan,"477,876,448,362",TRUE
Kenya,"3,973","13,892",17,27,,,Kenya,569140,4187.614746,1%,TRUE,,,Kenya,"221,144,073,979",TRUE
Kiribati,25,63,35,54,,,Kiribati,810,3.643230915,0%,TRUE,,,Kiribati,"267,867,744",TRUE
"Korea, Dem. People’s Rep.","11,848","15,815",58,62,,,"Korea, Dem. People’s Rep.",120410,2343.61377,2%,TRUE,,,"Korea, Dem. People’s Rep.",..,TRUE
"Korea, Rep.","31,656","42,038",74,81,,,"Korea, Rep.",97489.00391,21922.01563,22%,TRUE,,,"Korea, Rep.","2,174,501,236,497",TRUE
Kosovo,..,..,..,..,,,Kosovo,10887,,0%,TRUE,,,Kosovo,"20,041,776,670",TRUE
Kuwait,"2,053","4,137",98,100,,,Kuwait,17820,3942.298828,22%,TRUE,,,Kuwait,"213,773,808,102",TRUE
Kyrgyz Republic,"1,659","2,298",38,36,,,Kyrgyz Republic,191800,,0%,TRUE,,,Kyrgyz Republic,"33,221,752,010",TRUE
Lao PDR,657,"2,472",15,35,,,Lao PDR,230800,1018.75415,0%,TRUE,,,Lao PDR,"54,881,940,279",TRUE
Latvia,"1,844","1,313",69,68,,,Latvia,62180,3278.516846,5%,TRUE,,,Latvia,"59,057,492,337",TRUE
Lebanon,"2,330","6,068",83,89,,,Lebanon,10230,2317.423828,23%,TRUE,,,Lebanon,"109,448,612,924",TRUE
Lesotho,238,594,14,28,,,Lesotho,30360,,0%,TRUE,,,Lesotho,"5,931,020,494",TRUE
Liberia,"1,151","2,465",55,51,,,Liberia,96320,434.2752991,0%,TRUE,,,Liberia,"7,384,259,029",TRUE
Libya,"3,360","5,350",76,80,,,Libya,1759540,10082.89258,1%,TRUE,,,Libya,"102,665,385,322",TRUE
Liechtenstein,5,5,17,14,,,Liechtenstein,160,,0%,TRUE,,,Liechtenstein,..,TRUE
Lithuania,"2,499","1,896",68,68,,,Lithuania,62642.00195,4610.856445,7%,TRUE,,,Lithuania,"100,384,504,447",TRUE
Luxembourg,309,553,81,91,,,Luxembourg,2430,801.083374,33%,TRUE,,,Luxembourg,"71,000,340,500",TRUE
"Macao SAR, China",343,632,100,100,,,"Macao SAR, China",30.39999962,17.72437096,58%,TRUE,,,"Macao SAR, China","85,283,985,547",TRUE
Madagascar,"2,733","9,767",24,37,,,Madagascar,581800,2272.414795,0%,TRUE,,,Madagascar,"43,363,602,948",TRUE
Malawi,"1,087","3,073",12,17,,,Malawi,94280,1815.103394,2%,TRUE,,,Malawi,"19,361,217,287",TRUE
Malaysia,"8,978","23,973",50,76,,,Malaysia,328550,15564.95215,5%,TRUE,,,Malaysia,"888,686,922,656",TRUE
Maldives,58,205,26,40,,,Maldives,300,0,0%,TRUE,,,Maldives,"9,769,994,105",TRUE
Mali,"1,971","8,081",23,42,,,Mali,1220190,2910.42749,0%,TRUE,,,Mali,"44,584,090,696",TRUE
Malta,320,459,90,95,,,Malta,320,293.3409119,92%,TRUE,,,Malta,"21,108,159,041",TRUE
Marshall Islands,31,45,65,77,,,Marshall Islands,180,0,0%,TRUE,,,Marshall Islands,"232,838,191",TRUE
Mauritania,800,"2,363",39,54,,,Mauritania,1030700,771.6014404,0%,TRUE,,,Mauritania,"22,727,329,593",TRUE
Mauritius,465,516,44,41,,,Mauritius,2030,1276.015869,63%,TRUE,,,Mauritius,"28,763,164,544",TRUE
Mexico,"59,951","101,149",71,80,,,Mexico,1943950,102418.1094,5%,TRUE,,,Mexico,"2,573,847,595,048",TRUE
"Micronesia, Fed. Sts.",25,26,26,23,,,"Micronesia, Fed. Sts.",700,243.1120605,35%,TRUE,,,"Micronesia, Fed. Sts.","399,918,853",TRUE
Middle East & North Africa,"139,667","293,463",55,65,,,Middle East & North Africa,11223466.01,261305.5448,2%,TRUE,,,Middle East & North Africa,"7,679,439,953,026",TRUE
Moldova,"1,388","1,154",47,43,,,Moldova,32890,2607.522217,8%,TRUE,,,Moldova,"34,272,120,582",TRUE
Monaco,29,39,100,100,,,Monaco,2,1.920578122,96%,TRUE,,,Monaco,..,TRUE
Mongolia,"1,246","2,170",57,68,,,Mongolia,1553560,,0%,TRUE,,,Mongolia,"38,666,235,256",TRUE
Montenegro,291,416,48,67,,,Montenegro,13450,,0%,TRUE,,,Montenegro,"13,213,905,651",TRUE
Morocco,"12,005","22,501",48,62,,,Morocco,446300,12057.44141,3%,TRUE,,,Morocco,"278,614,687,499",TRUE
Mozambique,"3,247","10,615",25,36,,,Mozambique,786380,2739.14502,0%,TRUE,,,Mozambique,"38,933,851,135",TRUE
Myanmar,"10,434","16,423",25,31,,,Myanmar,653080,6960.023438,1%,TRUE,,,Myanmar,"276,482,978,785",TRUE
Namibia,396,"1,225",28,50,,,Namibia,823290,2467.779053,0%,TRUE,,,Namibia,"24,889,786,061",TRUE
Nepal,"1,674","5,545",9,20,,,Nepal,143350,,0%,TRUE,,,Nepal,"93,518,511,731",TRUE
Netherlands,"10,269","15,765",69,91,,,Netherlands,33690,12802.99316,38%,TRUE,,,Netherlands,"991,941,839,767",TRUE
New Caledonia,102,201,60,71,,,New Caledonia,18280,208.4334564,1%,TRUE,,,New Caledonia,..,TRUE
New Zealand,"2,822","4,189",85,87,,,New Zealand,263310,8116.299805,3%,TRUE,,,New Zealand,"207,247,264,396",TRUE
Nicaragua,"2,215","3,784",53,59,,,Nicaragua,120340,2882.378662,2%,TRUE,,,Nicaragua,"37,689,138,858",TRUE
Niger,"1,234","3,686",15,16,,,Niger,1266700,,0%,TRUE,,,Niger,"27,486,070,288",TRUE
Nigeria,"28,259","98,611",30,50,,,Nigeria,910770,17196.23438,2%,TRUE,,,Nigeria,"1,033,575,849,451",TRUE
North America,"209,232","298,953",75,82,,,North America,18240984,928603.3716,5%,TRUE,,,North America,"22,440,723,776,593",TRUE
North Macedonia,"1,154","1,207",58,58,,,North Macedonia,25220,2667.351074,11%,TRUE,,,North Macedonia,"34,405,256,698",TRUE
Northern Mariana Islands,41,52,90,92,,,Northern Mariana Islands,460,108.512558,24%,TRUE,,,Northern Mariana Islands,..,TRUE
Norway,"3,052","4,369",72,82,,,Norway,365123.0078,20282.20508,6%,TRUE,,,Norway,"359,298,961,716",TRUE
Oman,"1,198","4,083",66,85,,,Oman,309500,5651.354004,2%,TRUE,,,Oman,"141,351,996,838",TRUE
Pakistan,"32,914","77,811",31,37,,,Pakistan,770880,35871.94141,5%,TRUE,,,Pakistan,"1,029,585,145,405",TRUE
Palau,10,14,70,80,,,Palau,460,30.74201965,7%,TRUE,,,Palau,"331,215,674",TRUE
Panama,"1,332","2,828",54,68,,,Panama,74340,2892.144043,4%,TRUE,,,Panama,"132,748,727,286",TRUE
Papua New Guinea,692,"1,133",15,13,,,Papua New Guinea,452860,2003.610596,0%,TRUE,,,Papua New Guinea,"37,316,119,164",TRUE
Paraguay,"2,057","4,284",49,62,,,Paraguay,397300,,0%,TRUE,,,Paraguay,"91,494,315,027",TRUE
Peru,"15,207","24,922",69,78,,,Peru,1280000,16425.76758,1%,TRUE,,,Peru,"418,547,458,561",TRUE
Philippines,"29,082","50,027",47,47,,,Philippines,298170,10817.37305,4%,TRUE,,,Philippines,"929,689,921,316",TRUE
Poland,"23,350","22,807",61,60,,,Poland,306190,30501.3418,10%,TRUE,,,Poland,"1,208,903,726,913",TRUE
Portugal,"4,783","6,706",48,65,,,Portugal,91605.5957,12764.67676,14%,TRUE,,,Portugal,"353,153,783,394",TRUE
Puerto Rico,"3,287","2,988",93,94,,,Puerto Rico,8870,8511.401367,96%,TRUE,,,Puerto Rico,"111,515,558,118",TRUE
Qatar,442,"2,758",93,99,,,Qatar,11610,1495.149292,13%,TRUE,,,Qatar,"269,079,024,348",TRUE
Romania,"12,347","10,515",53,54,,,Romania,230080,15594.78906,7%,TRUE,,,Romania,"568,867,842,525",TRUE
Russian Federation,"108,601","107,539",73,74,,,Russian Federation,16376870,187538.1445,1%,TRUE,,,Russian Federation,"4,223,363,714,785",TRUE
Rwanda,395,"2,117",5,17,,,Rwanda,24670,,0%,TRUE,,,Rwanda,"26,299,700,706",TRUE
Samoa,35,36,21,18,,,Samoa,2830,108.1327591,4%,TRUE,,,Samoa,"1,270,668,955",TRUE
San Marino,22,33,90,97,,,San Marino,60,57.78162003,96%,TRUE,,,San Marino,"2,052,453,878",TRUE
Sao Tome and Principe,52,154,44,73,,,Sao Tome and Principe,960,68.23683167,7%,TRUE,,,Sao Tome and Principe,"852,099,898",TRUE
Saudi Arabia,"12,432","28,255",77,84,,,Saudi Arabia,2149690,41223.73828,2%,TRUE,,,Saudi Arabia,"1,641,856,836,371",TRUE
Senegal,"2,927","7,482",39,47,,,Senegal,192530,1796.192627,1%,TRUE,,,Senegal,"53,793,913,550",TRUE
Serbia,"3,823","3,917",50,56,,,Serbia,87460,,0%,TRUE,,,Serbia,"122,636,628,733",TRUE
Seychelles,34,55,49,57,,,Seychelles,460,122.5104828,27%,TRUE,,,Seychelles,"2,772,948,145",TRUE
Sierra Leone,"1,436","3,217",33,42,,,Sierra Leone,72180,710.4832764,1%,TRUE,,,Sierra Leone,"13,024,700,610",TRUE
Singapore,"3,047","5,639",100,100,,,Singapore,709.0000153,565.5597534,80%,TRUE,,,Singapore,"564,157,622,013",TRUE
Sint Maarten (Dutch part),..,41,100,100,,,Sint Maarten (Dutch part),34,,0%,TRUE,,,Sint Maarten (Dutch part),..,TRUE
Slovak Republic,"2,994","2,926",56,54,,,Slovak Republic,48080,,0%,TRUE,,,Slovak Republic,"177,427,602,034",TRUE
Slovenia,"1,007","1,131",50,55,,,Slovenia,20141.99951,2509.15625,12%,TRUE,,,Slovenia,"80,361,841,190",TRUE
Solomon Islands,43,155,14,24,,,Solomon Islands,27990,72.10932922,0%,TRUE,,,Solomon Islands,"1,580,579,584",TRUE
Somalia,"2,143","6,749",30,45,,,Somalia,627340,398.7160645,0%,TRUE,,,Somalia,..,TRUE
South Africa,"19,150","38,340",52,66,,,South Africa,1213090,53460.3125,4%,TRUE,,,South Africa,"747,020,842,636",TRUE
South Asia,"284,109","616,754",25,34,,,South Asia,4771603.999,273701.7139,6%,TRUE,,,South Asia,"11,238,944,636,541",TRUE
South Sudan,729,"2,153",13,20,,,South Sudan,,,#DIV/0!,TRUE,,,South Sudan,..,TRUE
Spain,"29,287","37,588",75,80,,,Spain,499563.9844,69794.58594,14%,TRUE,,,Spain,"1,894,494,241,788",TRUE
Sri Lanka,"3,211","4,004",19,18,,,Sri Lanka,62710,4016.146484,6%,TRUE,,,Sri Lanka,"285,354,274,779",TRUE
St. Kitts and Nevis,14,16,35,31,,,St. Kitts and Nevis,260,230.6646423,89%,TRUE,,,St. Kitts and Nevis,"1,390,262,450",TRUE
St. Lucia,41,34,29,19,,,St. Lucia,610,351.2103882,58%,TRUE,,,St. Lucia,"2,841,396,894",TRUE
St. Martin (French part),..,..,..,..,,,St. Martin (French part),54.4,,0%,TRUE,,,St. Martin (French part),..,TRUE
St. Vincent and the Grenadines,45,58,41,52,,,St. Vincent and the Grenadines,390,111.6811523,29%,TRUE,,,St. Vincent and the Grenadines,"1,406,344,090",TRUE
Sub-Saharan Africa,"139,407","433,229",27,40,,,Sub-Saharan Africa,21242361,140495.0269,1%,TRUE,,,Sub-Saharan Africa,"4,149,762,342,648",TRUE
Sudan,"5,764","14,481",29,35,,,Sudan,,6517.513672,#DIV/0!,TRUE,,,Sudan,"178,023,330,414",TRUE
Suriname,266,381,66,66,,,Suriname,156000,692.7034912,0%,TRUE,,,Suriname,"9,792,623,341",TRUE
Sweden,"7,112","8,896",83,87,,,Sweden,407310,31152.32031,8%,TRUE,,,Sweden,"546,885,183,364",TRUE
Switzerland,"4,965","6,283",74,74,,,Switzerland,39516.00098,7898.148926,20%,TRUE,,,Switzerland,"590,532,454,887",TRUE
Syrian Arab Republic,"6,090","9,157",49,54,,,Syrian Arab Republic,183630,11955.19727,7%,TRUE,,,Syrian Arab Republic,..,TRUE
Tajikistan,"1,673","2,469",32,27,,,Tajikistan,138790,,0%,TRUE,,,Tajikistan,"30,133,335,841",TRUE
Tanzania,"4,759","19,022",19,34,,,Tanzania,885800,3405.80542,0%,TRUE,,,Tanzania,"144,926,714,433",TRUE
Thailand,"16,642","34,679",29,50,,,Thailand,510890,36597.01563,7%,TRUE,,,Thailand,"1,285,350,647,149",TRUE
Timor-Leste,154,388,21,31,,,Timor-Leste,14870,359.4190674,2%,TRUE,,,Timor-Leste,"3,997,371,587",TRUE
Togo,"1,079","3,290",29,42,,,Togo,54390,1663.073608,3%,TRUE,,,Togo,"12,537,214,185",TRUE
Tonga,22,24,23,23,,,Tonga,720,181.8270264,25%,TRUE,,,Tonga,"661,986,332",TRUE
Trinidad and Tobago,661,739,54,53,,,Trinidad and Tobago,5130,2286.748047,45%,TRUE,,,Trinidad and Tobago,"37,377,267,876",TRUE
Tunisia,"4,776","7,974",58,69,,,Tunisia,155360,9897.881836,6%,TRUE,,,Tunisia,"127,422,847,480",TRUE
Turkey,"31,923","61,858",59,75,,,Turkey,769630,44090.15625,6%,TRUE,,,Turkey,"2,316,406,547,956",TRUE
Turkmenistan,"1,661","3,019",45,52,,,Turkmenistan,469930,,0%,TRUE,,,Turkmenistan,"88,908,253,419",TRUE
Turks and Caicos Islands,9,35,74,93,,,Turks and Caicos Islands,950,17.49214363,2%,TRUE,,,Turks and Caicos Islands,"1,019,033,110",TRUE
Tuvalu,4,7,41,62,,,Tuvalu,30,0,0%,TRUE,,,Tuvalu,"46,567,694",TRUE
Uganda,"1,922","10,157",11,24,,,Uganda,200520,,0%,TRUE,,,Uganda,"92,802,563,985",TRUE
Ukraine,"34,641","30,947",67,69,,,Ukraine,579290,32160.1582,6%,TRUE,,,Ukraine,"533,831,317,444",TRUE
United Arab Emirates,"1,445","8,333",79,87,,,United Arab Emirates,71020,8568.158203,12%,TRUE,,,United Arab Emirates,"660,187,934,758",TRUE
United Kingdom,"44,733","55,427",78,83,,,United Kingdom,241930,58698.75,24%,TRUE,,,United Kingdom,"3,120,717,081,030",TRUE
United States,"187,966","268,720",75,82,,,United States,9147420,802053.5923,9%,TRUE,,,United States,"20,580,223,000,000",TRUE
Upper middle income,"915,753","1,859,597",42,66,,,Upper middle income,57551063.02,1306019.528,2%,TRUE,,,Upper middle income,"47,469,404,711,060",TRUE
Uruguay,"2,767","3,288",89,95,,,Uruguay,175020,4689.679688,3%,TRUE,,,Uruguay,"76,230,579,377",TRUE
Uzbekistan,"8,484","16,636",41,50,,,Uzbekistan,425400,,0%,TRUE,,,Uzbekistan,"227,887,790,292",TRUE
Vanuatu,27,74,19,25,,,Vanuatu,12190,97.80545807,1%,TRUE,,,Vanuatu,"937,671,086",TRUE
"Venezuela, RB","16,547","25,466",84,88,,,"Venezuela, RB",882050,34403.92578,4%,TRUE,,,"Venezuela, RB",..,TRUE
Vietnam,"13,773","34,317",20,36,,,Vietnam,310070,7589.041504,2%,TRUE,,,Vietnam,"741,909,407,438",TRUE
Virgin Islands (U.S.),91,102,88,96,,,Virgin Islands (U.S.),350,302.0132141,86%,TRUE,,,Virgin Islands (U.S.),..,TRUE
West Bank and Gaza,"1,339","3,480",68,76,,,West Bank and Gaza,6020,2496.458252,41%,TRUE,,,West Bank and Gaza,"26,478,917,180",TRUE
World,"2,271,139","4,195,080",43,55,,,World,127354641.4,3629312.187,3%,TRUE,,,World,"129,250,669,645,666",TRUE
"Yemen, Rep.","2,451","10,442",21,37,,,"Yemen, Rep.",527970,4703.399902,1%,TRUE,,,"Yemen, Rep.",..,TRUE
Zambia,"3,167","7,552",39,44,,,Zambia,743390,,0%,TRUE,,,Zambia,"62,546,879,800",TRUE
Zimbabwe,"3,024","4,651",29,32,,,Zimbabwe,386850,,0%,TRUE,,,Zimbabwe,"46,261,004,505",TRUE